Seconds,Value,Value.Seconds,Value.SubSeconds,Value.Value
13949.74,8274D_21293_EEG1,1744121554,0.549917996,-3.99076009
13949.742976,8274D_21293_EEG1,1744121554,0.553837001,-0.469500989
13949.742976,8274D_21293_EEG1,1744121554,0.557756007,-0.469500989
13949.742976,8274D_21293_EEG1,1744121554,0.561676025,4.69501209
13949.742976,8274D_21293_EEG1,1744121554,0.565594971,8.2162714
13949.742976,8274D_21293_EEG1,1744121554,0.56951499,4.69501209
13949.742976,8274D_21293_EEG1,1744121554,0.573433995,-11.9722815
13949.742976,8274D_21293_EEG1,1744121554,0.577353001,-11.9722815
13949.742976,8274D_21293_EEG1,1744121554,0.581273019,-10.0942764
13949.742976,8274D_21293_EEG1,1744121554,0.585192025,4.46026087
13949.742976,8274D_21293_EEG1,1744121554,0.589111984,-6.3382659
13949.744000000001,8274D_21293_EEG1,1744121554,0.593030989,3.28650808
13949.744000000001,8274D_21293_EEG1,1744121554,0.596949995,-6.3382659
13949.744000000001,8274D_21293_EEG1,1744121554,0.600870013,-4.92976284
13949.744000000001,8274D_21293_EEG1,1744121554,0.604789019,-4.92976284
13949.744000000001,8274D_21293_EEG1,1744121554,0.608708978,-2.34750605
13949.744000000001,8274D_21293_EEG1,1744121554,0.612627983,-2.34750605
13949.744000000001,8274D_21293_EEG1,1744121554,0.616546988,-2.34750605
13949.744000000001,8274D_21293_EEG1,1744121554,0.620467007,-6.3382659
13949.744992,8274D_21293_EEG1,1744121554,0.624386013,-0.939001977
13949.744992,8274D_21293_EEG1,1744121554,0.628305972,-6.3382659
13949.744992,8274D_21293_EEG1,1744121554,0.632224977,-19.0147991
13949.744992,8274D_21293_EEG1,1744121554,0.636143982,-19.0147991
13949.744992,8274D_21293_EEG1,1744121554,0.640064001,1.17375302
13949.744992,8274D_21293_EEG1,1744121554,0.643983006,4.46026087
13949.744992,8274D_21293_EEG1,1744121554,0.647903025,1.17375302
13949.744992,8274D_21293_EEG1,1744121554,0.651821971,-13.6155348
13949.744992,8274D_21293_EEG1,1744121554,0.655740976,-14.319787
13949.745983999999,8274D_21293_EEG1,1744121554,0.659660995,-14.319787
13949.745983999999,8274D_21293_EEG1,1744121554,0.66358,1.87800503
13949.745983999999,8274D_21293_EEG1,1744121554,0.667499006,1.87800503
13949.745983999999,8274D_21293_EEG1,1744121554,0.671419024,-7.27726889
13949.745983999999,8274D_21293_EEG1,1744121554,0.67533797,-7.27726889
13949.745983999999,8274D_21293_EEG1,1744121554,0.679257989,-6.57301712
13949.745983999999,8274D_21293_EEG1,1744121554,0.683176994,-6.57301712
13949.745983999999,8274D_21293_EEG1,1744121554,0.687096,-0.939001977
13949.745983999999,8274D_21293_EEG1,1744121554,0.691016018,-7.51201916
13949.745983999999,8274D_21293_EEG1,1744121554,0.694935024,-6.57301712
13949.746976,8274D_21293_EEG1,1744121554,0.698854983,-6.57301712
13949.746976,8274D_21293_EEG1,1744121554,0.702773988,-6.57301712
13949.872992000001,8274D_21293_EEG1,1744121554,0.706692994,-1.87800503
13949.872992000001,8274D_21293_EEG1,1744121554,0.710613012,-10.3290262
13949.872992000001,8274D_21293_EEG1,1744121554,0.714532018,-1.87800503
13949.873984,8274D_21293_EEG1,1744121554,0.718451977,-2.81700706
13949.873984,8274D_21293_EEG1,1744121554,0.722370982,-2.81700706
13949.873984,8274D_21293_EEG1,1744121554,0.726289988,-7.27726889
13949.873984,8274D_21293_EEG1,1744121554,0.730210006,-8.45102215
13949.873984,8274D_21293_EEG1,1744121554,0.734129012,-7.51201916
13949.873984,8274D_21293_EEG1,1744121554,0.738048971,-7.51201916
13949.873984,8274D_21293_EEG1,1744121554,0.741967976,-0.704252005
13949.873984,8274D_21293_EEG1,1744121554,0.745886981,-0.704252005
13949.874975999999,8274D_21293_EEG1,1744121554,0.749807,-15.2587891
13949.874975999999,8274D_21293_EEG1,1744121554,0.753726006,-19.7190495
13949.874975999999,8274D_21293_EEG1,1744121554,0.757646024,-19.7190495
13949.874975999999,8274D_21293_EEG1,1744121554,0.76156503,-10.563777
13949.874975999999,8274D_21293_EEG1,1744121554,0.765483975,-4.69501209
13949.874975999999,8274D_21293_EEG1,1744121554,0.769403994,-4.69501209
13949.874975999999,8274D_21293_EEG1,1744121554,0.773322999,-22.0665569
13949.874975999999,8274D_21293_EEG1,1744121554,0.777243018,-22.0665569
13949.874975999999,8274D_21293_EEG1,1744121554,0.781162024,-11.0332785
13949.874975999999,8274D_21293_EEG1,1744121554,0.785081029,9.85952473
13949.876,8274D_21293_EEG1,1744121554,0.789000988,-8.2162714
13949.876,8274D_21293_EEG1,1744121554,0.792919993,-8.2162714
13949.876,8274D_21293_EEG1,1744121554,0.796838999,-8.2162714
13949.876,8274D_21293_EEG1,1744121554,0.800759017,-10.7985277
13949.876,8274D_21293_EEG1,1744121554,0.804678023,-7.74676991
13949.876,8274D_21293_EEG1,1744121554,0.808597982,-3.99076009
13949.876,8274D_21293_EEG1,1744121554,0.812516987,-3.75601006
13949.876,8274D_21293_EEG1,1744121554,0.816435993,-3.99076009
13949.876,8274D_21293_EEG1,1744121554,0.820356011,-4.46026087
13949.876,8274D_21293_EEG1,1744121554,0.824275017,-4.46026087
13949.876,8274D_21293_EEG1,1744121554,0.828194976,-4.46026087
13949.876992,8274D_21293_EEG1,1744121554,0.832113981,-8.45102215
13949.876992,8274D_21293_EEG1,1744121554,0.836032987,-8.45102215
13949.876992,8274D_21293_EEG1,1744121554,0.839953005,-5.63401413
13949.876992,8274D_21293_EEG1,1744121554,0.843872011,9.15527344
13949.876992,8274D_21293_EEG1,1744121554,0.847792029,9.15527344
13949.877984000001,8274D_21293_EEG1,1744121554,0.851710975,-1.87800503
13949.877984000001,8274D_21293_EEG1,1744121554,0.855629981,-11.502779
13949.877984000001,8274D_21293_EEG1,1744121554,0.859549999,-15.0240383
13950.057983999999,8274D_21293_EEG1,1744121554,0.863469005,-15.0240383
13950.057983999999,8274D_21293_EEG1,1744121554,0.867389023,-3.75601006
13950.057983999999,8274D_21293_EEG1,1744121554,0.871308029,-3.75601006
13950.057983999999,8274D_21293_EEG1,1744121554,0.875226974,-6.1035161
13950.057983999999,8274D_21293_EEG1,1744121554,0.879146993,-6.1035161
13950.058976,8274D_21293_EEG1,1744121554,0.883065999,3.52125907
13950.058976,8274D_21293_EEG1,1744121554,0.886986017,3.52125907
13950.058976,8274D_21293_EEG1,1744121554,0.890905023,0.469500989
13950.058976,8274D_21293_EEG1,1744121554,0.894824028,0.469500989
13950.058976,8274D_21293_EEG1,1744121554,0.898743987,-4.69501209
13950.058976,8274D_21293_EEG1,1744121554,0.902662992,1.17375302
13950.058976,8274D_21293_EEG1,1744121554,0.906583011,-0.234751001
13950.058976,8274D_21293_EEG1,1744121554,0.910502017,-0.234751001
13950.059999999999,8274D_21293_EEG1,1744121554,0.914421022,-0.939001977
13950.059999999999,8274D_21293_EEG1,1744121554,0.918340981,-0.939001977
13950.059999999999,8274D_21293_EEG1,1744121554,0.922259986,-0.939001977
13950.059999999999,8274D_21293_EEG1,1744121554,0.926178992,5.63401413
13950.059999999999,8274D_21293_EEG1,1744121554,0.93009901,-2.11275506
13950.059999999999,8274D_21293_EEG1,1744121554,0.934018016,-3.28650808
13950.059999999999,8274D_21293_EEG1,1744121554,0.937937975,-3.28650808
13950.059999999999,8274D_21293_EEG1,1744121554,0.94185698,10.7985277
13950.059999999999,8274D_21293_EEG1,1744121554,0.945775986,10.7985277
13950.059999999999,8274D_21293_EEG1,1744121554,0.949696004,6.80776691
13950.059999999999,8274D_21293_EEG1,1744121554,0.95361501,-1.87800503
13950.060992000001,8274D_21293_EEG1,1744121554,0.957535028,-1.87800503
13950.060992000001,8274D_21293_EEG1,1744121554,0.961453974,-1.87800503
13950.060992000001,8274D_21293_EEG1,1744121554,0.96537298,7.27726889
13950.060992000001,8274D_21293_EEG1,1744121554,0.969292998,-10.3290262
13950.060992000001,8274D_21293_EEG1,1744121554,0.973212004,-7.04251814
13950.060992000001,8274D_21293_EEG1,1744121554,0.977132022,-7.04251814
13950.060992000001,8274D_21293_EEG1,1744121554,0.981051028,-3.99076009
13950.060992000001,8274D_21293_EEG1,1744121554,0.984969974,-3.99076009
13950.060992000001,8274D_21293_EEG1,1744121554,0.988889992,-9.85952473
13950.061984,8274D_21293_EEG1,1744121554,0.992808998,-10.563777
13950.061984,8274D_21293_EEG1,1744121554,0.996729016,-10.563777
13950.061984,8274D_21293_EEG1,1744121555,0.000647999987,-12.2070313
13950.061984,8274D_21293_EEG1,1744121555,0.00456700008,-8.68577194
13950.061984,8274D_21293_EEG1,1744121555,0.00848700013,-12.2070313
13950.061984,8274D_21293_EEG1,1744121555,0.0124059999,-16.4325428
13950.061984,8274D_21293_EEG1,1744121555,0.0163260009,-16.4325428
13950.181984000001,8274D_21293_EEG1,1744121555,0.0202459991,-13.1460342
13950.181984000001,8274D_21293_EEG1,1744121555,0.0241669994,-11.2680292
13950.181984000001,8274D_21293_EEG1,1744121555,0.0280879997,-11.2680292
13950.181984000001,8274D_21293_EEG1,1744121555,0.0320090018,-15.2587891
13950.181984000001,8274D_21293_EEG1,1744121555,0.0359300002,-15.2587891
13950.182976,8274D_21293_EEG1,1744121555,0.0398509987,-5.16451311
13950.182976,8274D_21293_EEG1,1744121555,0.0437720008,1.40850401
13950.182976,8274D_21293_EEG1,1744121555,0.0476929992,1.40850401
13950.182976,8274D_21293_EEG1,1744121555,0.0516140014,0.704252005
13950.182976,8274D_21293_EEG1,1744121555,0.0555349998,-1.40850401
13950.182976,8274D_21293_EEG1,1744121555,0.0594559982,-1.64325404
13950.182976,8274D_21293_EEG1,1744121555,0.0633770004,-1.40850401
13950.183999999999,8274D_21293_EEG1,1744121555,0.0672969967,-1.64325404
13950.183999999999,8274D_21293_EEG1,1744121555,0.0712179989,-3.28650808
13950.183999999999,8274D_21293_EEG1,1744121555,0.075139001,-3.28650808
13950.183999999999,8274D_21293_EEG1,1744121555,0.0790600032,2.81700706
13950.183999999999,8274D_21293_EEG1,1744121555,0.0829809979,3.05175805
13950.183999999999,8274D_21293_EEG1,1744121555,0.086902,3.05175805
13950.183999999999,8274D_21293_EEG1,1744121555,0.0908230022,-2.11275506
13950.183999999999,8274D_21293_EEG1,1744121555,0.0947439969,-2.11275506
13950.183999999999,8274D_21293_EEG1,1744121555,0.098664999,-2.11275506
13950.183999999999,8274D_21293_EEG1,1744121555,0.102586001,5.39926386
13950.183999999999,8274D_21293_EEG1,1744121555,0.106507003,4.46026087
13950.184992,8274D_21293_EEG1,1744121555,0.110427998,4.46026087
13950.184992,8274D_21293_EEG1,1744121555,0.114348002,-6.80776691
13950.184992,8274D_21293_EEG1,1744121555,0.118268996,-10.563777
13950.184992,8274D_21293_EEG1,1744121555,0.122189999,-6.80776691
13950.184992,8274D_21293_EEG1,1744121555,0.126111001,-4.22551107
13950.184992,8274D_21293_EEG1,1744121555,0.130032003,-4.22551107
13950.184992,8274D_21293_EEG1,1744121555,0.133953005,-2.11275506
13950.184992,8274D_21293_EEG1,1744121555,0.137874007,-2.11275506
13950.184992,8274D_21293_EEG1,1744121555,0.141794994,1.17375302
13950.184992,8274D_21293_EEG1,1744121555,0.145715997,4.92976284
13950.184992,8274D_21293_EEG1,1744121555,0.149636999,1.17375302
13950.184992,8274D_21293_EEG1,1744121555,0.153558001,4.92976284
13950.185984,8274D_21293_EEG1,1744121555,0.157479003,3.75601006
13950.185984,8274D_21293_EEG1,1744121555,0.161399007,8.45102215
13950.185984,8274D_21293_EEG1,1744121555,0.165319994,3.75601006
13950.185984,8274D_21293_EEG1,1744121555,0.169240996,-16.9020424
13950.185984,8274D_21293_EEG1,1744121555,0.173161998,-16.9020424
13950.349984,8274D_21293_EEG1,1744121555,0.177083001,-9.62477493
13950.349984,8274D_21293_EEG1,1744121555,0.181004003,-4.22551107
13950.350976,8274D_21293_EEG1,1744121555,0.184925005,-4.22551107
13950.350976,8274D_21293_EEG1,1744121555,0.188846007,-4.22551107
13950.350976,8274D_21293_EEG1,1744121555,0.192766994,-1.64325404
13950.350976,8274D_21293_EEG1,1744121555,0.196687996,-0.939001977
13950.350976,8274D_21293_EEG1,1744121555,0.200608999,4.46026087
13950.350976,8274D_21293_EEG1,1744121555,0.204530001,4.46026087
13950.350976,8274D_21293_EEG1,1744121555,0.208450004,2.58225703
13950.350976,8274D_21293_EEG1,1744121555,0.212371007,-1.40850401
13950.350976,8274D_21293_EEG1,1744121555,0.216291994,-1.40850401
13950.350976,8274D_21293_EEG1,1744121555,0.220212996,0
13950.350976,8274D_21293_EEG1,1744121555,0.224133998,1.40850401
13950.352000000001,8274D_21293_EEG1,1744121555,0.228055,1.40850401
13950.352000000001,8274D_21293_EEG1,1744121555,0.231976002,-0.939001977
13950.352000000001,8274D_21293_EEG1,1744121555,0.235897005,-0.939001977
13950.352000000001,8274D_21293_EEG1,1744121555,0.239818007,1.17375302
13950.352000000001,8274D_21293_EEG1,1744121555,0.243738994,8.92052269
13950.352000000001,8274D_21293_EEG1,1744121555,0.247659996,8.92052269
13950.352000000001,8274D_21293_EEG1,1744121555,0.251581013,-10.0942764
13950.352000000001,8274D_21293_EEG1,1744121555,0.255501002,-10.0942764
13950.352000000001,8274D_21293_EEG1,1744121555,0.259422004,-10.0942764
13950.352992,8274D_21293_EEG1,1744121555,0.263343006,0.469500989
13950.352992,8274D_21293_EEG1,1744121555,0.267264009,-15.0240383
13950.352992,8274D_21293_EEG1,1744121555,0.271185011,-13.6155348
13950.352992,8274D_21293_EEG1,1744121555,0.275106013,-13.6155348
13950.352992,8274D_21293_EEG1,1744121555,0.279026985,-6.57301712
13950.352992,8274D_21293_EEG1,1744121555,0.282947987,-4.22551107
13950.352992,8274D_21293_EEG1,1744121555,0.286868989,-6.57301712
13950.352992,8274D_21293_EEG1,1744121555,0.290789992,-21.1275539
13950.352992,8274D_21293_EEG1,1744121555,0.294710994,-21.1275539
13950.353983999999,8274D_21293_EEG1,1744121555,0.298631996,-13.1460342
13950.353983999999,8274D_21293_EEG1,1744121555,0.302552015,0
13950.353983999999,8274D_21293_EEG1,1744121555,0.306472987,0
13950.353983999999,8274D_21293_EEG1,1744121555,0.310393989,-11.0332785
13950.353983999999,8274D_21293_EEG1,1744121555,0.314314991,-11.0332785
13950.353983999999,8274D_21293_EEG1,1744121555,0.318235993,-7.74676991
13950.353983999999,8274D_21293_EEG1,1744121555,0.322156996,0
13950.353983999999,8274D_21293_EEG1,1744121555,0.326077998,0
13950.354976000001,8274D_21293_EEG1,1744121555,0.329999,-2.81700706
13950.537984000001,8274D_21293_EEG1,1744121555,0.333920002,-2.81700706
13950.537984000001,8274D_21293_EEG1,1744121555,0.337841004,0.704252005
13950.537984000001,8274D_21293_EEG1,1744121555,0.341762006,2.34750605
13950.537984000001,8274D_21293_EEG1,1744121555,0.345683008,0.704252005
13950.537984000001,8274D_21293_EEG1,1744121555,0.349602997,-2.34750605
13950.537984000001,8274D_21293_EEG1,1744121555,0.353523999,-13.8502846
13950.537984000001,8274D_21293_EEG1,1744121555,0.357445002,-2.34750605
13950.537984000001,8274D_21293_EEG1,1744121555,0.361366004,-1.40850401
13950.538976,8274D_21293_EEG1,1744121555,0.365287006,-1.40850401
13950.538976,8274D_21293_EEG1,1744121555,0.369208008,-2.11275506
13950.538976,8274D_21293_EEG1,1744121555,0.37312901,-4.46026087
13950.538976,8274D_21293_EEG1,1744121555,0.377050012,-9.39002419
13950.538976,8274D_21293_EEG1,1744121555,0.380971014,-4.46026087
13950.538976,8274D_21293_EEG1,1744121555,0.384891987,3.05175805
13950.538976,8274D_21293_EEG1,1744121555,0.388812989,3.05175805
13950.538976,8274D_21293_EEG1,1744121555,0.392733991,0.704252005
13950.538976,8274D_21293_EEG1,1744121555,0.39665401,-2.81700706
13950.540000000001,8274D_21293_EEG1,1744121555,0.400575012,-5.16451311
13950.540000000001,8274D_21293_EEG1,1744121555,0.404496014,-2.81700706
13950.540000000001,8274D_21293_EEG1,1744121555,0.408416986,-4.92976284
13950.540000000001,8274D_21293_EEG1,1744121555,0.412337989,-1.40850401
13950.540000000001,8274D_21293_EEG1,1744121555,0.416258991,-0.939001977
13950.540000000001,8274D_21293_EEG1,1744121555,0.420179993,-0.939001977
13950.540000000001,8274D_21293_EEG1,1744121555,0.424100995,2.58225703
13950.540000000001,8274D_21293_EEG1,1744121555,0.428021997,-0.469500989
13950.540000000001,8274D_21293_EEG1,1744121555,0.431942999,-0.469500989
13950.540000000001,8274D_21293_EEG1,1744121555,0.435864002,-3.52125907
13950.540000000001,8274D_21293_EEG1,1744121555,0.439785004,-9.39002419
13950.540000000001,8274D_21293_EEG1,1744121555,0.443706006,-4.46026087
13950.540992,8274D_21293_EEG1,1744121555,0.447625995,-9.39002419
13950.540992,8274D_21293_EEG1,1744121555,0.451546997,-11.2680292
13950.540992,8274D_21293_EEG1,1744121555,0.455467999,-11.2680292
13950.540992,8274D_21293_EEG1,1744121555,0.459389001,-14.319787
13950.540992,8274D_21293_EEG1,1744121555,0.463310003,3.05175805
13950.540992,8274D_21293_EEG1,1744121555,0.467231005,-12.9112825
13950.540992,8274D_21293_EEG1,1744121555,0.471152008,-9.39002419
13950.540992,8274D_21293_EEG1,1744121555,0.47507301,-12.9112825
13950.540992,8274D_21293_EEG1,1744121555,0.478994012,-9.39002419
13950.541984,8274D_21293_EEG1,1744121555,0.482915014,-3.75601006
13950.541984,8274D_21293_EEG1,1744121555,0.486835986,-3.75601006
13950.660991999999,8274D_21293_EEG1,1744121555,0.490756989,-23.4750595
13950.660991999999,8274D_21293_EEG1,1744121555,0.494677007,-23.4750595
13950.660991999999,8274D_21293_EEG1,1744121555,0.498598009,-10.7985277
13950.660991999999,8274D_21293_EEG1,1744121555,0.502519011,3.05175805
13950.660991999999,8274D_21293_EEG1,1744121555,0.506439984,3.52125907
13950.660991999999,8274D_21293_EEG1,1744121555,0.510361016,3.52125907
13950.660991999999,8274D_21293_EEG1,1744121555,0.514281988,-0.704252005
13950.660991999999,8274D_21293_EEG1,1744121555,0.51820302,-4.22551107
13950.661984,8274D_21293_EEG1,1744121555,0.522123992,-4.22551107
13950.661984,8274D_21293_EEG1,1744121555,0.526045024,-4.22551107
13950.661984,8274D_21293_EEG1,1744121555,0.529965997,-14.7892876
13950.661984,8274D_21293_EEG1,1744121555,0.533887029,-14.7892876
13950.661984,8274D_21293_EEG1,1744121555,0.537808001,-3.75601006
13950.661984,8274D_21293_EEG1,1744121555,0.54172802,-0.939001977
13950.661984,8274D_21293_EEG1,1744121555,0.545648992,-3.75601006
13950.661984,8274D_21293_EEG1,1744121555,0.549570024,-8.68577194
13950.661984,8274D_21293_EEG1,1744121555,0.553490996,-10.3290262
13950.661984,8274D_21293_EEG1,1744121555,0.557412028,-8.68577194
13950.661984,8274D_21293_EEG1,1744121555,0.561333001,9.62477493
13950.661984,8274D_21293_EEG1,1744121555,0.565253973,9.62477493
13950.661984,8274D_21293_EEG1,1744121555,0.569175005,1.40850401
13950.661984,8274D_21293_EEG1,1744121555,0.573095977,1.40850401
13950.662976,8274D_21293_EEG1,1744121555,0.577017009,-12.2070313
13950.662976,8274D_21293_EEG1,1744121555,0.580937982,6.3382659
13950.662976,8274D_21293_EEG1,1744121555,0.584859014,-5.86876488
13950.662976,8274D_21293_EEG1,1744121555,0.588778973,-5.86876488
13950.662976,8274D_21293_EEG1,1744121555,0.592700005,-5.86876488
13950.662976,8274D_21293_EEG1,1744121555,0.596620977,10.0942764
13950.662976,8274D_21293_EEG1,1744121555,0.600542009,10.563777
13950.662976,8274D_21293_EEG1,1744121555,0.604462981,10.0942764
13950.662976,8274D_21293_EEG1,1744121555,0.608384013,-0.939001977
13950.662976,8274D_21293_EEG1,1744121555,0.612304986,-0.939001977
13950.662976,8274D_21293_EEG1,1744121555,0.616226017,-8.68577194
13950.662976,8274D_21293_EEG1,1744121555,0.62014699,20.8928032
13950.662976,8274D_21293_EEG1,1744121555,0.624068022,-8.68577194
13950.664000000001,8274D_21293_EEG1,1744121555,0.627988994,-3.05175805
13950.664000000001,8274D_21293_EEG1,1744121555,0.631910026,-5.16451311
13950.664000000001,8274D_21293_EEG1,1744121555,0.635829985,-5.16451311
13950.665983999999,8274D_21293_EEG1,1744121555,0.639751017,-5.16451311
13950.665983999999,8274D_21293_EEG1,1744121555,0.643671989,3.05175805
13950.830975999999,8274D_21293_EEG1,1744121555,0.647593021,3.05175805
13950.830975999999,8274D_21293_EEG1,1744121555,0.651513994,3.05175805
13950.832,8274D_21293_EEG1,1744121555,0.655435026,3.75601006
13950.832,8274D_21293_EEG1,1744121555,0.659355998,3.75601006
13950.832,8274D_21293_EEG1,1744121555,0.66327697,2.81700706
13950.832,8274D_21293_EEG1,1744121555,0.667198002,-2.34750605
13950.832,8274D_21293_EEG1,1744121555,0.671118975,-2.34750605
13950.832,8274D_21293_EEG1,1744121555,0.675040007,-1.40850401
13950.832,8274D_21293_EEG1,1744121555,0.678960979,-1.40850401
13950.832992,8274D_21293_EEG1,1744121555,0.682880998,12.441782
13950.832992,8274D_21293_EEG1,1744121555,0.68680203,-3.28650808
13950.832992,8274D_21293_EEG1,1744121555,0.690723002,-16.6672935
13950.832992,8274D_21293_EEG1,1744121555,0.694643974,-16.6672935
13950.832992,8274D_21293_EEG1,1744121555,0.698565006,-2.58225703
13950.832992,8274D_21293_EEG1,1744121555,0.702485979,6.3382659
13950.832992,8274D_21293_EEG1,1744121555,0.706407011,6.3382659
13950.832992,8274D_21293_EEG1,1744121555,0.710327983,1.64325404
13950.832992,8274D_21293_EEG1,1744121555,0.714249015,-7.27726889
13950.832992,8274D_21293_EEG1,1744121555,0.718169987,1.64325404
13950.832992,8274D_21293_EEG1,1744121555,0.722091019,-4.46026087
13950.833984000001,8274D_21293_EEG1,1744121555,0.726011992,-4.46026087
13950.833984000001,8274D_21293_EEG1,1744121555,0.72993201,-7.27726889
13950.833984000001,8274D_21293_EEG1,1744121555,0.733852983,-11.502779
13950.833984000001,8274D_21293_EEG1,1744121555,0.737774014,-7.27726889
13950.833984000001,8274D_21293_EEG1,1744121555,0.741694987,-5.16451311
13950.833984000001,8274D_21293_EEG1,1744121555,0.745616019,-5.16451311
13950.834976,8274D_21293_EEG1,1744121555,0.749536991,-11.2680292
13950.834976,8274D_21293_EEG1,1744121555,0.753458023,-11.2680292
13950.834976,8274D_21293_EEG1,1744121555,0.757378995,-4.92976284
13950.834976,8274D_21293_EEG1,1744121555,0.761300027,-0.939001977
13950.834976,8274D_21293_EEG1,1744121555,0.765221,-4.92976284
13950.834976,8274D_21293_EEG1,1744121555,0.769141972,-9.85952473
13950.834976,8274D_21293_EEG1,1744121555,0.773063004,-9.85952473
13950.834976,8274D_21293_EEG1,1744121555,0.776983023,-0.234751001
13950.834976,8274D_21293_EEG1,1744121555,0.780903995,1.40850401
13950.835999999999,8274D_21293_EEG1,1744121555,0.784825027,1.40850401
13950.835999999999,8274D_21293_EEG1,1744121555,0.788745999,-5.86876488
13950.835999999999,8274D_21293_EEG1,1744121555,0.792666972,-5.86876488
13950.835999999999,8274D_21293_EEG1,1744121555,0.796588004,-9.39002419
13950.835999999999,8274D_21293_EEG1,1744121555,0.800508976,9.85952473
13950.968992,8274D_21293_EEG1,1744121555,0.804430008,12.441782
13950.968992,8274D_21293_EEG1,1744121555,0.80835098,12.441782
13950.968992,8274D_21293_EEG1,1744121555,0.812272012,4.69501209
13950.969983999999,8274D_21293_EEG1,1744121555,0.816192985,-11.502779
13950.969983999999,8274D_21293_EEG1,1744121555,0.820114017,4.69501209
13950.969983999999,8274D_21293_EEG1,1744121555,0.824033976,3.28650808
13950.969983999999,8274D_21293_EEG1,1744121555,0.827955008,3.28650808
13950.969983999999,8274D_21293_EEG1,1744121555,0.83187598,-1.87800503
13950.969983999999,8274D_21293_EEG1,1744121555,0.835797012,-7.51201916
13950.969983999999,8274D_21293_EEG1,1744121555,0.839717984,-1.87800503
13950.969983999999,8274D_21293_EEG1,1744121555,0.843639016,0
13950.969983999999,8274D_21293_EEG1,1744121555,0.847559988,0
13950.969983999999,8274D_21293_EEG1,1744121555,0.85148102,-2.11275506
13950.970976000001,8274D_21293_EEG1,1744121555,0.855401993,-2.11275506
13950.970976000001,8274D_21293_EEG1,1744121555,0.859323025,5.63401413
13950.970976000001,8274D_21293_EEG1,1744121555,0.863243997,5.63401413
13950.970976000001,8274D_21293_EEG1,1744121555,0.867165029,-16.6672935
13950.970976000001,8274D_21293_EEG1,1744121555,0.871084988,-16.6672935
13950.970976000001,8274D_21293_EEG1,1744121555,0.87500602,-15.2587891
13950.970976000001,8274D_21293_EEG1,1744121555,0.878926992,5.63401413
13950.970976000001,8274D_21293_EEG1,1744121555,0.882848024,2.58225703
13950.970976000001,8274D_21293_EEG1,1744121555,0.886768997,2.58225703
13950.972,8274D_21293_EEG1,1744121555,0.890690029,2.58225703
13950.972,8274D_21293_EEG1,1744121555,0.894611001,-12.9112825
13950.972,8274D_21293_EEG1,1744121555,0.898531973,9.62477493
13950.972,8274D_21293_EEG1,1744121555,0.902453005,8.2162714
13950.972,8274D_21293_EEG1,1744121555,0.906373978,8.2162714
13950.972992000001,8274D_21293_EEG1,1744121555,0.91029501,3.05175805
13950.972992000001,8274D_21293_EEG1,1744121555,0.914215982,-7.51201916
13950.972992000001,8274D_21293_EEG1,1744121555,0.918136001,-7.51201916
13950.972992000001,8274D_21293_EEG1,1744121555,0.922056973,-7.51201916
13950.972992000001,8274D_21293_EEG1,1744121555,0.925978005,-7.51201916
13950.973984,8274D_21293_EEG1,1744121555,0.929898977,-7.51201916
13950.973984,8274D_21293_EEG1,1744121555,0.933820009,-4.22551107
13950.973984,8274D_21293_EEG1,1744121555,0.937740982,-1.17375302
13950.973984,8274D_21293_EEG1,1744121555,0.941662014,6.57301712
13950.973984,8274D_21293_EEG1,1744121555,0.945582986,6.57301712
13950.973984,8274D_21293_EEG1,1744121555,0.949504018,-1.64325404
13950.973984,8274D_21293_EEG1,1744121555,0.95342499,-1.64325404
13950.973984,8274D_21293_EEG1,1744121555,0.957346022,4.22551107
13951.139999999999,8274D_21293_EEG1,1744121555,0.961266994,4.22551107
13951.139999999999,8274D_21293_EEG1,1744121555,0.965187013,-0.704252005
13951.139999999999,8274D_21293_EEG1,1744121555,0.969107985,-15.4935398
13951.139999999999,8274D_21293_EEG1,1744121555,0.973029017,-15.4935398
13951.139999999999,8274D_21293_EEG1,1744121555,0.97694999,-9.15527344
13951.139999999999,8274D_21293_EEG1,1744121555,0.980871022,2.34750605
13951.140992000001,8274D_21293_EEG1,1744121555,0.984791994,-4.46026087
13951.140992000001,8274D_21293_EEG1,1744121555,0.988713026,-4.46026087
13951.140992000001,8274D_21293_EEG1,1744121555,0.992633998,-4.46026087
13951.140992000001,8274D_21293_EEG1,1744121555,0.996554971,12.441782
13951.140992000001,8274D_21293_EEG1,1744121556,0.000475999987,12.441782
13951.140992000001,8274D_21293_EEG1,1744121556,0.00439700019,-6.57301712
13951.140992000001,8274D_21293_EEG1,1744121556,0.00831799954,-6.57301712
13951.140992000001,8274D_21293_EEG1,1744121556,0.0122379996,-3.52125907
13951.141984,8274D_21293_EEG1,1744121556,0.0161589999,-1.87800503
13951.141984,8274D_21293_EEG1,1744121556,0.0200800002,-3.05175805
13951.141984,8274D_21293_EEG1,1744121556,0.0240010004,6.57301712
13951.141984,8274D_21293_EEG1,1744121556,0.0279220007,-3.05175805
13951.141984,8274D_21293_EEG1,1744121556,0.0318429992,-9.85952473
13951.141984,8274D_21293_EEG1,1744121556,0.0357640013,-9.85952473
13951.141984,8274D_21293_EEG1,1744121556,0.0396849997,-4.46026087
13951.141984,8274D_21293_EEG1,1744121556,0.0436059982,-4.46026087
13951.142975999999,8274D_21293_EEG1,1744121556,0.0475270003,-4.22551107
13951.142975999999,8274D_21293_EEG1,1744121556,0.0514479987,-4.22551107
13951.142975999999,8274D_21293_EEG1,1744121556,0.0553690009,-4.22551107
13951.142975999999,8274D_21293_EEG1,1744121556,0.0592890009,11.2680292
13951.142975999999,8274D_21293_EEG1,1744121556,0.0632100031,-4.22551107
13951.144,8274D_21293_EEG1,1744121556,0.0671309978,-2.34750605
13951.144,8274D_21293_EEG1,1744121556,0.0710519999,-7.74676991
13951.144,8274D_21293_EEG1,1744121556,0.0749730021,-2.81700706
13951.144,8274D_21293_EEG1,1744121556,0.0788939968,-2.81700706
13951.144,8274D_21293_EEG1,1744121556,0.0828149989,-1.17375302
13951.144992,8274D_21293_EEG1,1744121556,0.0867360011,-1.17375302
13951.144992,8274D_21293_EEG1,1744121556,0.0906570032,-1.17375302
13951.144992,8274D_21293_EEG1,1744121556,0.0945779979,2.11275506
13951.144992,8274D_21293_EEG1,1744121556,0.0984990001,5.63401413
13951.144992,8274D_21293_EEG1,1744121556,0.102420002,3.75601006
13951.144992,8274D_21293_EEG1,1744121556,0.106339999,3.75601006
13951.144992,8274D_21293_EEG1,1744121556,0.110261001,2.34750605
13951.144992,8274D_21293_EEG1,1744121556,0.114182003,-9.85952473
13951.322975999999,8274D_21293_EEG1,1744121556,0.118102998,2.34750605
13951.322975999999,8274D_21293_EEG1,1744121556,0.122024,0.469500989
13951.322975999999,8274D_21293_EEG1,1744121556,0.125945002,0.469500989
13951.322975999999,8274D_21293_EEG1,1744121556,0.129866004,-2.81700706
13951.322975999999,8274D_21293_EEG1,1744121556,0.133787006,-2.81700706
13951.322975999999,8274D_21293_EEG1,1744121556,0.137707993,-0.704252005
13951.324000000001,8274D_21293_EEG1,1744121556,0.141628996,1.40850401
13951.324000000001,8274D_21293_EEG1,1744121556,0.145549998,-0.704252005
13951.324000000001,8274D_21293_EEG1,1744121556,0.149471,2.11275506
13951.324000000001,8274D_21293_EEG1,1744121556,0.153391004,-19.2495499
13951.324000000001,8274D_21293_EEG1,1744121556,0.157312006,1.87800503
13951.324000000001,8274D_21293_EEG1,1744121556,0.161232993,1.87800503
13951.324000000001,8274D_21293_EEG1,1744121556,0.165153995,1.87800503
13951.324000000001,8274D_21293_EEG1,1744121556,0.169074997,0.704252005
13951.324992,8274D_21293_EEG1,1744121556,0.172995999,0.704252005
13951.324992,8274D_21293_EEG1,1744121556,0.176917002,-1.17375302
13951.324992,8274D_21293_EEG1,1744121556,0.180838004,-1.17375302
13951.324992,8274D_21293_EEG1,1744121556,0.184759006,-1.17375302
13951.324992,8274D_21293_EEG1,1744121556,0.188679993,0.234751001
13951.324992,8274D_21293_EEG1,1744121556,0.192600995,-14.0850363
13951.324992,8274D_21293_EEG1,1744121556,0.196521997,-6.3382659
13951.324992,8274D_21293_EEG1,1744121556,0.200442001,-6.3382659
13951.324992,8274D_21293_EEG1,1744121556,0.204363003,-6.3382659
13951.325983999999,8274D_21293_EEG1,1744121556,0.208284006,-5.63401413
13951.325983999999,8274D_21293_EEG1,1744121556,0.212204993,-5.63401413
13951.325983999999,8274D_21293_EEG1,1744121556,0.216125995,-1.87800503
13951.325983999999,8274D_21293_EEG1,1744121556,0.220046997,-0.939001977
13951.326976,8274D_21293_EEG1,1744121556,0.223967999,-0.939001977
13951.326976,8274D_21293_EEG1,1744121556,0.227889001,-8.45102215
13951.326976,8274D_21293_EEG1,1744121556,0.231810004,-8.45102215
13951.326976,8274D_21293_EEG1,1744121556,0.235731006,-2.81700706
13951.326976,8274D_21293_EEG1,1744121556,0.239651993,-2.81700706
13951.328,8274D_21293_EEG1,1744121556,0.243572995,-9.39002419
13951.328,8274D_21293_EEG1,1744121556,0.247492999,-9.39002419
13951.328,8274D_21293_EEG1,1744121556,0.251414001,-9.39002419
13951.328,8274D_21293_EEG1,1744121556,0.255335003,-11.0332785
13951.328,8274D_21293_EEG1,1744121556,0.259256005,-6.3382659
13951.328992000001,8274D_21293_EEG1,1744121556,0.263177007,-11.0332785
13951.328992000001,8274D_21293_EEG1,1744121556,0.26709801,-11.502779
13951.328992000001,8274D_21293_EEG1,1744121556,0.271019012,-11.502779
13951.444992000001,8274D_21293_EEG1,1744121556,0.274940014,-9.62477493
13951.444992000001,8274D_21293_EEG1,1744121556,0.278860986,0.469500989
13951.445984,8274D_21293_EEG1,1744121556,0.282781988,0.469500989
13951.445984,8274D_21293_EEG1,1744121556,0.286702991,-3.52125907
13951.445984,8274D_21293_EEG1,1744121556,0.290623993,-3.99076009
13951.445984,8274D_21293_EEG1,1744121556,0.294544011,-7.51201916
13951.445984,8274D_21293_EEG1,1744121556,0.298465014,-3.99076009
13951.446975999999,8274D_21293_EEG1,1744121556,0.302385986,-7.51201916
13951.446975999999,8274D_21293_EEG1,1744121556,0.306306988,-12.2070313
13951.446975999999,8274D_21293_EEG1,1744121556,0.31022799,-12.2070313
13951.446975999999,8274D_21293_EEG1,1744121556,0.314148992,-12.2070313
13951.448,8274D_21293_EEG1,1744121556,0.318069994,-6.57301712
13951.448,8274D_21293_EEG1,1744121556,0.321990997,-14.319787
13951.448,8274D_21293_EEG1,1744121556,0.325911999,-14.7892876
13951.448,8274D_21293_EEG1,1744121556,0.329833001,-14.7892876
13951.448,8274D_21293_EEG1,1744121556,0.333754003,0
13951.448,8274D_21293_EEG1,1744121556,0.337675005,6.57301712
13951.448,8274D_21293_EEG1,1744121556,0.341594994,0
13951.448,8274D_21293_EEG1,1744121556,0.345515996,-9.62477493
13951.448992,8274D_21293_EEG1,1744121556,0.349436998,-9.62477493
13951.448992,8274D_21293_EEG1,1744121556,0.353358001,3.99076009
13951.448992,8274D_21293_EEG1,1744121556,0.357279003,3.99076009
13951.448992,8274D_21293_EEG1,1744121556,0.361200005,8.2162714
13951.448992,8274D_21293_EEG1,1744121556,0.365121007,3.75601006
13951.448992,8274D_21293_EEG1,1744121556,0.369042009,8.2162714
13951.448992,8274D_21293_EEG1,1744121556,0.372963011,-7.74676991
13951.448992,8274D_21293_EEG1,1744121556,0.376884013,-0.704252005
13951.449984000001,8274D_21293_EEG1,1744121556,0.380804986,-7.74676991
13951.449984000001,8274D_21293_EEG1,1744121556,0.384725988,-8.68577194
13951.449984000001,8274D_21293_EEG1,1744121556,0.388646007,-8.68577194
13951.449984000001,8274D_21293_EEG1,1744121556,0.392567009,-2.11275506
13951.449984000001,8274D_21293_EEG1,1744121556,0.396488011,-2.11275506
13951.449984000001,8274D_21293_EEG1,1744121556,0.400409013,-2.11275506
13951.449984000001,8274D_21293_EEG1,1744121556,0.404329985,-13.6155348
13951.449984000001,8274D_21293_EEG1,1744121556,0.408250988,-8.68577194
13951.449984000001,8274D_21293_EEG1,1744121556,0.41217199,-8.68577194
13951.450976,8274D_21293_EEG1,1744121556,0.416092992,-1.64325404
13951.450976,8274D_21293_EEG1,1744121556,0.420013994,-0.234751001
13951.450976,8274D_21293_EEG1,1744121556,0.423934996,-1.64325404
13951.450976,8274D_21293_EEG1,1744121556,0.427855998,3.75601006
13951.628000000001,8274D_21293_EEG1,1744121556,0.431777,1.87800503
13951.628000000001,8274D_21293_EEG1,1744121556,0.435696989,3.05175805
13951.628000000001,8274D_21293_EEG1,1744121556,0.439617991,3.05175805
13951.628992,8274D_21293_EEG1,1744121556,0.443538994,3.05175805
13951.628992,8274D_21293_EEG1,1744121556,0.447459996,-3.99076009
13951.628992,8274D_21293_EEG1,1744121556,0.451380998,-3.99076009
13951.628992,8274D_21293_EEG1,1744121556,0.455302,-3.99076009
13951.628992,8274D_21293_EEG1,1744121556,0.459223002,-0.469500989
13951.628992,8274D_21293_EEG1,1744121556,0.463144004,-0.469500989
13951.628992,8274D_21293_EEG1,1744121556,0.467065006,-3.99076009
13951.628992,8274D_21293_EEG1,1744121556,0.470986009,-9.15527344
13951.629983999999,8274D_21293_EEG1,1744121556,0.474907011,-8.68577194
13951.629983999999,8274D_21293_EEG1,1744121556,0.478828013,-8.68577194
13951.629983999999,8274D_21293_EEG1,1744121556,0.482748002,-1.64325404
13951.629983999999,8274D_21293_EEG1,1744121556,0.486669004,-1.64325404
13951.629983999999,8274D_21293_EEG1,1744121556,0.490590006,-1.64325404
13951.629983999999,8274D_21293_EEG1,1744121556,0.494511008,-20.1885529
13951.630976,8274D_21293_EEG1,1744121556,0.49843201,-5.16451311
13951.630976,8274D_21293_EEG1,1744121556,0.502353013,-5.16451311
13951.630976,8274D_21293_EEG1,1744121556,0.506273985,-5.16451311
13951.630976,8274D_21293_EEG1,1744121556,0.510195017,-1.87800503
13951.630976,8274D_21293_EEG1,1744121556,0.514115989,3.99076009
13951.632,8274D_21293_EEG1,1744121556,0.518037021,3.99076009
13951.632,8274D_21293_EEG1,1744121556,0.521957994,2.58225703
13951.632,8274D_21293_EEG1,1744121556,0.525879025,-12.441782
13951.632,8274D_21293_EEG1,1744121556,0.529798985,-12.441782
13951.632,8274D_21293_EEG1,1744121556,0.533720016,-10.563777
13951.632,8274D_21293_EEG1,1744121556,0.537640989,-6.80776691
13951.632,8274D_21293_EEG1,1744121556,0.541562021,-10.563777
13951.632,8274D_21293_EEG1,1744121556,0.545482993,-4.92976284
13951.632,8274D_21293_EEG1,1744121556,0.549404025,-4.92976284
13951.632992000001,8274D_21293_EEG1,1744121556,0.553324997,-4.92976284
13951.632992000001,8274D_21293_EEG1,1744121556,0.557246029,3.52125907
13951.632992000001,8274D_21293_EEG1,1744121556,0.561167002,-8.45102215
13951.632992000001,8274D_21293_EEG1,1744121556,0.565087974,-11.2680292
13951.632992000001,8274D_21293_EEG1,1744121556,0.569009006,-11.2680292
13951.632992000001,8274D_21293_EEG1,1744121556,0.572929978,-5.86876488
13951.632992000001,8274D_21293_EEG1,1744121556,0.576849997,19.0147991
13951.633984,8274D_21293_EEG1,1744121556,0.580771029,-5.86876488
13951.633984,8274D_21293_EEG1,1744121556,0.584692001,-8.68577194
13951.752,8274D_21293_EEG1,1744121556,0.588612974,-8.68577194
13951.752,8274D_21293_EEG1,1744121556,0.592534006,-2.34750605
13951.752,8274D_21293_EEG1,1744121556,0.596454978,5.39926386
13951.752,8274D_21293_EEG1,1744121556,0.60037601,5.39926386
13951.752,8274D_21293_EEG1,1744121556,0.604296982,-5.39926386
13951.752992,8274D_21293_EEG1,1744121556,0.608218014,-5.39926386
13951.752992,8274D_21293_EEG1,1744121556,0.612138987,-3.52125907
13951.752992,8274D_21293_EEG1,1744121556,0.616060019,1.87800503
13951.752992,8274D_21293_EEG1,1744121556,0.619980991,-3.52125907
13951.752992,8274D_21293_EEG1,1744121556,0.62390101,-7.74676991
13951.752992,8274D_21293_EEG1,1744121556,0.627821982,-7.74676991
13951.752992,8274D_21293_EEG1,1744121556,0.631743014,-5.63401413
13951.752992,8274D_21293_EEG1,1744121556,0.635663986,1.17375302
13951.753984000001,8274D_21293_EEG1,1744121556,0.639585018,-5.63401413
13951.753984000001,8274D_21293_EEG1,1744121556,0.643505991,-6.3382659
13951.753984000001,8274D_21293_EEG1,1744121556,0.647427022,-13.1460342
13951.753984000001,8274D_21293_EEG1,1744121556,0.651347995,-13.1460342
13951.753984000001,8274D_21293_EEG1,1744121556,0.655269027,-0.469500989
13951.753984000001,8274D_21293_EEG1,1744121556,0.659189999,-0.469500989
13951.753984000001,8274D_21293_EEG1,1744121556,0.663110971,-10.3290262
13951.753984000001,8274D_21293_EEG1,1744121556,0.667032003,-10.3290262
13951.753984000001,8274D_21293_EEG1,1744121556,0.670952976,-7.51201916
13951.754976,8274D_21293_EEG1,1744121556,0.674872994,-5.39926386
13951.754976,8274D_21293_EEG1,1744121556,0.678794026,-2.81700706
13951.754976,8274D_21293_EEG1,1744121556,0.682714999,-2.81700706
13951.754976,8274D_21293_EEG1,1744121556,0.686635971,-3.75601006
13951.754976,8274D_21293_EEG1,1744121556,0.690557003,-19.9538002
13951.754976,8274D_21293_EEG1,1744121556,0.694477975,-19.9538002
13951.754976,8274D_21293_EEG1,1744121556,0.698399007,-3.52125907
13951.754976,8274D_21293_EEG1,1744121556,0.70231998,-3.52125907
13951.754976,8274D_21293_EEG1,1744121556,0.706241012,-9.39002419
13951.754976,8274D_21293_EEG1,1744121556,0.710161984,-14.5545368
13951.754976,8274D_21293_EEG1,1744121556,0.714083016,-9.39002419
13951.755999999999,8274D_21293_EEG1,1744121556,0.718003988,-6.80776691
13951.755999999999,8274D_21293_EEG1,1744121556,0.721924007,-6.80776691
13951.755999999999,8274D_21293_EEG1,1744121556,0.725844979,-3.28650808
13951.755999999999,8274D_21293_EEG1,1744121556,0.729766011,-5.86876488
13951.755999999999,8274D_21293_EEG1,1744121556,0.733686984,-3.28650808
13951.755999999999,8274D_21293_EEG1,1744121556,0.737608016,-0.469500989
13951.755999999999,8274D_21293_EEG1,1744121556,0.741528988,-0.469500989
13951.934976,8274D_21293_EEG1,1744121556,0.74545002,-1.87800503
13951.934976,8274D_21293_EEG1,1744121556,0.749370992,-3.75601006
13951.934976,8274D_21293_EEG1,1744121556,0.753292024,-12.2070313
13951.934976,8274D_21293_EEG1,1744121556,0.757212996,-12.2070313
13951.936,8274D_21293_EEG1,1744121556,0.761134028,-3.99076009
13951.938975999999,8274D_21293_EEG1,1744121556,0.765055001,-3.99076009
13951.938975999999,8274D_21293_EEG1,1744121556,0.768975019,-3.99076009
13951.938975999999,8274D_21293_EEG1,1744121556,0.772895992,6.3382659
13951.938975999999,8274D_21293_EEG1,1744121556,0.776817024,15.0240383
13951.938975999999,8274D_21293_EEG1,1744121556,0.780737996,6.3382659
13951.938975999999,8274D_21293_EEG1,1744121556,0.784659028,-0.234751001
13951.938975999999,8274D_21293_EEG1,1744121556,0.78858,-9.15527344
13951.938975999999,8274D_21293_EEG1,1744121556,0.792500973,-9.15527344
13951.938975999999,8274D_21293_EEG1,1744121556,0.796422005,-0.234751001
13951.938975999999,8274D_21293_EEG1,1744121556,0.800342977,11.7375298
13951.940000000001,8274D_21293_EEG1,1744121556,0.804264009,-0.234751001
13951.940000000001,8274D_21293_EEG1,1744121556,0.808184981,1.40850401
13951.940000000001,8274D_21293_EEG1,1744121556,0.812106013,1.40850401
13951.940000000001,8274D_21293_EEG1,1744121556,0.816025972,2.11275506
13951.940000000001,8274D_21293_EEG1,1744121556,0.819947004,4.69501209
13951.940000000001,8274D_21293_EEG1,1744121556,0.823867977,4.69501209
13951.940000000001,8274D_21293_EEG1,1744121556,0.827789009,3.28650808
13951.940000000001,8274D_21293_EEG1,1744121556,0.831709981,3.28650808
13951.940000000001,8274D_21293_EEG1,1744121556,0.835631013,3.52125907
13951.940000000001,8274D_21293_EEG1,1744121556,0.839551985,3.52125907
13951.940000000001,8274D_21293_EEG1,1744121556,0.843473017,-11.7375298
13951.940992,8274D_21293_EEG1,1744121556,0.84739399,-11.7375298
13951.940992,8274D_21293_EEG1,1744121556,0.851315022,-6.57301712
13951.940992,8274D_21293_EEG1,1744121556,0.855235994,-1.64325404
13951.940992,8274D_21293_EEG1,1744121556,0.859157026,-6.57301712
13951.940992,8274D_21293_EEG1,1744121556,0.863076985,-12.9112825
13951.940992,8274D_21293_EEG1,1744121556,0.866998017,-12.9112825
13951.940992,8274D_21293_EEG1,1744121556,0.870918989,0.704252005
13951.940992,8274D_21293_EEG1,1744121556,0.874840021,4.46026087
13951.940992,8274D_21293_EEG1,1744121556,0.878760993,4.46026087
13951.940992,8274D_21293_EEG1,1744121556,0.882682025,4.46026087
13951.940992,8274D_21293_EEG1,1744121556,0.886602998,-9.85952473
13951.940992,8274D_21293_EEG1,1744121556,0.89052403,1.17375302
13951.940992,8274D_21293_EEG1,1744121556,0.894445002,1.17375302
13951.940992,8274D_21293_EEG1,1744121556,0.898365974,2.11275506
13952.102976,8274D_21293_EEG1,1744121556,0.902287006,2.11275506
13952.103999999999,8274D_21293_EEG1,1744121556,0.906207979,1.40850401
13952.103999999999,8274D_21293_EEG1,1744121556,0.910127997,1.40850401
13952.103999999999,8274D_21293_EEG1,1744121556,0.914049029,1.40850401
13952.103999999999,8274D_21293_EEG1,1744121556,0.917970002,-1.40850401
13952.103999999999,8274D_21293_EEG1,1744121556,0.921890974,-6.57301712
13952.103999999999,8274D_21293_EEG1,1744121556,0.925812006,-6.57301712
13952.103999999999,8274D_21293_EEG1,1744121556,0.929732978,-6.57301712
13952.103999999999,8274D_21293_EEG1,1744121556,0.93365401,2.11275506
13952.103999999999,8274D_21293_EEG1,1744121556,0.937574983,2.11275506
13952.104992,8274D_21293_EEG1,1744121556,0.941496015,1.40850401
13952.104992,8274D_21293_EEG1,1744121556,0.945416987,-12.441782
13952.104992,8274D_21293_EEG1,1744121556,0.949338019,-12.441782
13952.104992,8274D_21293_EEG1,1744121556,0.953258991,-7.27726889
13952.104992,8274D_21293_EEG1,1744121556,0.95717901,-5.63401413
13952.104992,8274D_21293_EEG1,1744121556,0.961099982,-5.63401413
13952.104992,8274D_21293_EEG1,1744121556,0.965021014,-9.85952473
13952.105984,8274D_21293_EEG1,1744121556,0.968941987,-9.85952473
13952.105984,8274D_21293_EEG1,1744121556,0.972863019,-3.99076009
13952.105984,8274D_21293_EEG1,1744121556,0.976783991,-3.99076009
13952.105984,8274D_21293_EEG1,1744121556,0.980705023,-4.46026087
13952.105984,8274D_21293_EEG1,1744121556,0.984625995,-6.57301712
13952.105984,8274D_21293_EEG1,1744121556,0.988547027,-4.69501209
13952.105984,8274D_21293_EEG1,1744121556,0.992467999,-6.57301712
13952.106975999999,8274D_21293_EEG1,1744121556,0.996388972,-4.69501209
13952.106975999999,8274D_21293_EEG1,1744121557,0.000310000003,-12.9112825
13952.106975999999,8274D_21293_EEG1,1744121557,0.00423000008,-2.81700706
13952.106975999999,8274D_21293_EEG1,1744121557,0.00815100037,-3.99076009
13952.106975999999,8274D_21293_EEG1,1744121557,0.0120719997,-2.81700706
13952.106975999999,8274D_21293_EEG1,1744121557,0.0159929991,7.27726889
13952.106975999999,8274D_21293_EEG1,1744121557,0.0199139994,7.27726889
13952.106975999999,8274D_21293_EEG1,1744121557,0.0238349997,-1.17375302
13952.106975999999,8274D_21293_EEG1,1744121557,0.0277559999,-7.51201916
13952.106975999999,8274D_21293_EEG1,1744121557,0.0316770002,-7.51201916
13952.106975999999,8274D_21293_EEG1,1744121557,0.0355979986,5.16451311
13952.106975999999,8274D_21293_EEG1,1744121557,0.0395190008,5.16451311
13952.108,8274D_21293_EEG1,1744121557,0.0434399992,3.05175805
13952.108,8274D_21293_EEG1,1744121557,0.0473610014,-8.92052269
13952.108,8274D_21293_EEG1,1744121557,0.0512810014,-8.92052269
13952.108,8274D_21293_EEG1,1744121557,0.0552019998,1.64325404
13952.241984,8274D_21293_EEG1,1744121557,0.0591229983,1.64325404
13952.241984,8274D_21293_EEG1,1744121557,0.0630439967,-4.22551107
13952.241984,8274D_21293_EEG1,1744121557,0.0669649988,-11.7375298
13952.242976,8274D_21293_EEG1,1744121557,0.070886001,-11.7375298
13952.242976,8274D_21293_EEG1,1744121557,0.0748070031,0.704252005
13952.242976,8274D_21293_EEG1,1744121557,0.0787279978,0.704252005
13952.242976,8274D_21293_EEG1,1744121557,0.082649,-1.64325404
13952.242976,8274D_21293_EEG1,1744121557,0.0865700021,-8.92052269
13952.242976,8274D_21293_EEG1,1744121557,0.0904909968,-8.92052269
13952.244000000001,8274D_21293_EEG1,1744121557,0.094411999,-6.80776691
13952.244000000001,8274D_21293_EEG1,1744121557,0.0983320028,-6.80776691
13952.244000000001,8274D_21293_EEG1,1744121557,0.102252997,-3.52125907
13952.244000000001,8274D_21293_EEG1,1744121557,0.106174,-9.85952473
13952.244000000001,8274D_21293_EEG1,1744121557,0.110095002,-3.52125907
13952.244000000001,8274D_21293_EEG1,1744121557,0.114015996,2.34750605
13952.244000000001,8274D_21293_EEG1,1744121557,0.117936999,2.81700706
13952.244000000001,8274D_21293_EEG1,1744121557,0.121858001,2.81700706
13952.244000000001,8274D_21293_EEG1,1744121557,0.125779003,-9.85952473
13952.244000000001,8274D_21293_EEG1,1744121557,0.129700005,-9.85952473
13952.244992,8274D_21293_EEG1,1744121557,0.133621007,-7.27726889
13952.244992,8274D_21293_EEG1,1744121557,0.137541994,-0.469500989
13952.244992,8274D_21293_EEG1,1744121557,0.141462997,-0.469500989
13952.244992,8274D_21293_EEG1,1744121557,0.145383,7.27726889
13952.244992,8274D_21293_EEG1,1744121557,0.149304003,-12.9112825
13952.244992,8274D_21293_EEG1,1744121557,0.153225005,0.704252005
13952.244992,8274D_21293_EEG1,1744121557,0.157146007,0.704252005
13952.244992,8274D_21293_EEG1,1744121557,0.161066994,0.704252005
13952.244992,8274D_21293_EEG1,1744121557,0.164987996,0.939001977
13952.244992,8274D_21293_EEG1,1744121557,0.168908998,7.98152018
13952.245983999999,8274D_21293_EEG1,1744121557,0.172830001,7.98152018
13952.245983999999,8274D_21293_EEG1,1744121557,0.176751003,7.04251814
13952.245983999999,8274D_21293_EEG1,1744121557,0.180672005,-5.86876488
13952.245983999999,8274D_21293_EEG1,1744121557,0.184593007,-5.86876488
13952.245983999999,8274D_21293_EEG1,1744121557,0.188513994,-11.2680292
13952.245983999999,8274D_21293_EEG1,1744121557,0.192433998,-4.69501209
13952.245983999999,8274D_21293_EEG1,1744121557,0.196355,-3.75601006
13952.245983999999,8274D_21293_EEG1,1744121557,0.200276002,6.1035161
13952.245983999999,8274D_21293_EEG1,1744121557,0.204197004,-3.75601006
13952.245983999999,8274D_21293_EEG1,1744121557,0.208118007,-15.4935398
13952.245983999999,8274D_21293_EEG1,1744121557,0.212038994,-15.4935398
13952.407999999999,8274D_21293_EEG1,1744121557,0.215959996,-15.4935398
13952.407999999999,8274D_21293_EEG1,1744121557,0.219880998,-10.7985277
13952.407999999999,8274D_21293_EEG1,1744121557,0.223802,-10.7985277
13952.407999999999,8274D_21293_EEG1,1744121557,0.227723002,-10.7985277
13952.407999999999,8274D_21293_EEG1,1744121557,0.231644005,-4.69501209
13952.408992000001,8274D_21293_EEG1,1744121557,0.235565007,4.69501209
13952.408992000001,8274D_21293_EEG1,1744121557,0.239484996,-4.69501209
13952.408992000001,8274D_21293_EEG1,1744121557,0.243405998,-12.2070313
13952.408992000001,8274D_21293_EEG1,1744121557,0.247327,-12.2070313
13952.408992000001,8274D_21293_EEG1,1744121557,0.251248002,-12.441782
13952.408992000001,8274D_21293_EEG1,1744121557,0.255169004,-1.87800503
13952.408992000001,8274D_21293_EEG1,1744121557,0.259090006,-12.441782
13952.408992000001,8274D_21293_EEG1,1744121557,0.263011009,-10.7985277
13952.408992000001,8274D_21293_EEG1,1744121557,0.266932011,-10.7985277
13952.409984,8274D_21293_EEG1,1744121557,0.270853013,-10.7985277
13952.409984,8274D_21293_EEG1,1744121557,0.274773985,-1.87800503
13952.409984,8274D_21293_EEG1,1744121557,0.278694987,-8.45102215
13952.409984,8274D_21293_EEG1,1744121557,0.282615989,-5.39926386
13952.409984,8274D_21293_EEG1,1744121557,0.286536008,-5.39926386
13952.409984,8274D_21293_EEG1,1744121557,0.29045701,-5.39926386
13952.409984,8274D_21293_EEG1,1744121557,0.294378012,-4.46026087
13952.409984,8274D_21293_EEG1,1744121557,0.298299015,-11.7375298
13952.409984,8274D_21293_EEG1,1744121557,0.302219987,-14.7892876
13952.409984,8274D_21293_EEG1,1744121557,0.306140989,-14.7892876
13952.410975999999,8274D_21293_EEG1,1744121557,0.310061991,-11.0332785
13952.410975999999,8274D_21293_EEG1,1744121557,0.313982993,-0.704252005
13952.410975999999,8274D_21293_EEG1,1744121557,0.317903996,-0.704252005
13952.410975999999,8274D_21293_EEG1,1744121557,0.321824998,-6.80776691
13952.410975999999,8274D_21293_EEG1,1744121557,0.325746,-12.6765318
13952.410975999999,8274D_21293_EEG1,1744121557,0.329667002,-12.6765318
13952.410975999999,8274D_21293_EEG1,1744121557,0.333586991,2.11275506
13952.410975999999,8274D_21293_EEG1,1744121557,0.337507993,2.11275506
13952.412,8274D_21293_EEG1,1744121557,0.341428995,0.939001977
13952.412,8274D_21293_EEG1,1744121557,0.345349997,-2.11275506
13952.412,8274D_21293_EEG1,1744121557,0.349270999,-8.2162714
13952.412,8274D_21293_EEG1,1744121557,0.353192002,-2.11275506
13952.412,8274D_21293_EEG1,1744121557,0.357113004,0.469500989
13952.412,8274D_21293_EEG1,1744121557,0.361034006,0.469500989
13952.412,8274D_21293_EEG1,1744121557,0.364955008,-0.469500989
13952.412,8274D_21293_EEG1,1744121557,0.36887601,-0.469500989
13952.548000000001,8274D_21293_EEG1,1744121557,0.372797012,6.3382659
13952.548000000001,8274D_21293_EEG1,1744121557,0.376718014,6.3382659
13952.548000000001,8274D_21293_EEG1,1744121557,0.380638003,4.46026087
13952.548000000001,8274D_21293_EEG1,1744121557,0.384559005,4.46026087
13952.548000000001,8274D_21293_EEG1,1744121557,0.388480008,1.40850401
13952.548000000001,8274D_21293_EEG1,1744121557,0.39240101,1.40850401
13952.548992,8274D_21293_EEG1,1744121557,0.396322012,-9.39002419
13952.548992,8274D_21293_EEG1,1744121557,0.400243014,-9.39002419
13952.548992,8274D_21293_EEG1,1744121557,0.404163986,-5.39926386
13952.548992,8274D_21293_EEG1,1744121557,0.408084989,-2.58225703
13952.548992,8274D_21293_EEG1,1744121557,0.412005991,-1.87800503
13952.548992,8274D_21293_EEG1,1744121557,0.415926993,-1.87800503
13952.548992,8274D_21293_EEG1,1744121557,0.419847995,-1.87800503
13952.548992,8274D_21293_EEG1,1744121557,0.423768997,-4.92976284
13952.549983999999,8274D_21293_EEG1,1744121557,0.427688986,-1.40850401
13952.549983999999,8274D_21293_EEG1,1744121557,0.431609988,1.40850401
13952.549983999999,8274D_21293_EEG1,1744121557,0.43553099,1.40850401
13952.549983999999,8274D_21293_EEG1,1744121557,0.439451993,-2.34750605
13952.549983999999,8274D_21293_EEG1,1744121557,0.443372995,-2.34750605
13952.549983999999,8274D_21293_EEG1,1744121557,0.447293997,-2.34750605
13952.550976,8274D_21293_EEG1,1744121557,0.451214999,-5.16451311
13952.550976,8274D_21293_EEG1,1744121557,0.455136001,-5.16451311
13952.550976,8274D_21293_EEG1,1744121557,0.459057003,-5.16451311
13952.550976,8274D_21293_EEG1,1744121557,0.462978005,0.704252005
13952.550976,8274D_21293_EEG1,1744121557,0.466899008,-10.563777
13952.550976,8274D_21293_EEG1,1744121557,0.47082001,0.704252005
13952.550976,8274D_21293_EEG1,1744121557,0.474739999,1.64325404
13952.550976,8274D_21293_EEG1,1744121557,0.478661001,1.64325404
13952.550976,8274D_21293_EEG1,1744121557,0.482582003,-3.05175805
13952.550976,8274D_21293_EEG1,1744121557,0.486503005,-3.05175805
13952.550976,8274D_21293_EEG1,1744121557,0.490424007,-2.81700706
13952.552,8274D_21293_EEG1,1744121557,0.494345009,0.704252005
13952.552,8274D_21293_EEG1,1744121557,0.498266011,-2.81700706
13952.552,8274D_21293_EEG1,1744121557,0.502187014,-11.2680292
13952.552,8274D_21293_EEG1,1744121557,0.506107986,-11.2680292
13952.552,8274D_21293_EEG1,1744121557,0.510029018,-6.80776691
13952.552,8274D_21293_EEG1,1744121557,0.51394999,-2.11275506
13952.552992000001,8274D_21293_EEG1,1744121557,0.517871022,2.11275506
13952.552992000001,8274D_21293_EEG1,1744121557,0.521790981,2.11275506
13952.552992000001,8274D_21293_EEG1,1744121557,0.525712013,-3.28650808
13952.717984000001,8274D_21293_EEG1,1744121557,0.529632986,-3.28650808
13952.717984000001,8274D_21293_EEG1,1744121557,0.533554018,7.51201916
13952.717984000001,8274D_21293_EEG1,1744121557,0.53747499,7.51201916
13952.717984000001,8274D_21293_EEG1,1744121557,0.541396022,-14.319787
13952.717984000001,8274D_21293_EEG1,1744121557,0.545316994,-14.319787
13952.717984000001,8274D_21293_EEG1,1744121557,0.549238026,-11.2680292
13952.717984000001,8274D_21293_EEG1,1744121557,0.553158998,1.17375302
13952.718976,8274D_21293_EEG1,1744121557,0.557079971,-11.2680292
13952.718976,8274D_21293_EEG1,1744121557,0.561001003,-15.0240383
13952.718976,8274D_21293_EEG1,1744121557,0.564921975,-15.2587891
13952.718976,8274D_21293_EEG1,1744121557,0.568841994,-17.3715439
13952.718976,8274D_21293_EEG1,1744121557,0.572763026,-17.3715439
13952.718976,8274D_21293_EEG1,1744121557,0.576683998,0.939001977
13952.718976,8274D_21293_EEG1,1744121557,0.58060497,0.939001977
13952.718976,8274D_21293_EEG1,1744121557,0.584526002,-3.99076009
13952.718976,8274D_21293_EEG1,1744121557,0.588446975,-3.99076009
13952.718976,8274D_21293_EEG1,1744121557,0.592368007,-1.64325404
13952.719999999999,8274D_21293_EEG1,1744121557,0.596288979,2.11275506
13952.719999999999,8274D_21293_EEG1,1744121557,0.600210011,2.11275506
13952.719999999999,8274D_21293_EEG1,1744121557,0.604130983,-8.92052269
13952.719999999999,8274D_21293_EEG1,1744121557,0.608052015,-8.92052269
13952.719999999999,8274D_21293_EEG1,1744121557,0.611972988,6.80776691
13952.719999999999,8274D_21293_EEG1,1744121557,0.615893006,6.80776691
13952.719999999999,8274D_21293_EEG1,1744121557,0.619813979,-8.92052269
13952.719999999999,8274D_21293_EEG1,1744121557,0.623735011,-8.92052269
13952.719999999999,8274D_21293_EEG1,1744121557,0.627655983,-3.75601006
13952.719999999999,8274D_21293_EEG1,1744121557,0.631577015,3.52125907
13952.719999999999,8274D_21293_EEG1,1744121557,0.635497987,-3.75601006
13952.720992,8274D_21293_EEG1,1744121557,0.639419019,-5.39926386
13952.720992,8274D_21293_EEG1,1744121557,0.643339992,-5.39926386
13952.720992,8274D_21293_EEG1,1744121557,0.647261024,-2.34750605
13952.720992,8274D_21293_EEG1,1744121557,0.651181996,3.05175805
13952.720992,8274D_21293_EEG1,1744121557,0.655103028,3.05175805
13952.720992,8274D_21293_EEG1,1744121557,0.659024,1.87800503
13952.720992,8274D_21293_EEG1,1744121557,0.662944019,-14.5545368
13952.721984,8274D_21293_EEG1,1744121557,0.666864991,-14.5545368
13952.721984,8274D_21293_EEG1,1744121557,0.670786023,-6.80776691
13952.721984,8274D_21293_EEG1,1744121557,0.674706995,1.17375302
13952.721984,8274D_21293_EEG1,1744121557,0.678628027,-6.80776691
13952.721984,8274D_21293_EEG1,1744121557,0.682549,-10.7985277
13952.886976,8274D_21293_EEG1,1744121557,0.686469972,-10.7985277
13952.888000000001,8274D_21293_EEG1,1744121557,0.690391004,6.80776691
13952.888000000001,8274D_21293_EEG1,1744121557,0.694311976,10.7985277
13952.888000000001,8274D_21293_EEG1,1744121557,0.698233008,6.80776691
13952.888000000001,8274D_21293_EEG1,1744121557,0.702153981,-17.1367931
13952.888000000001,8274D_21293_EEG1,1744121557,0.706075013,-17.1367931
13952.888000000001,8274D_21293_EEG1,1744121557,0.709994972,-12.2070313
13952.888000000001,8274D_21293_EEG1,1744121557,0.713916004,-0.939001977
13952.888992,8274D_21293_EEG1,1744121557,0.717836976,8.2162714
13952.888992,8274D_21293_EEG1,1744121557,0.721758008,-0.939001977
13952.888992,8274D_21293_EEG1,1744121557,0.72567898,7.27726889
13952.888992,8274D_21293_EEG1,1744121557,0.729600012,-15.0240383
13952.888992,8274D_21293_EEG1,1744121557,0.733520985,4.22551107
13952.888992,8274D_21293_EEG1,1744121557,0.737442017,-10.0942764
13952.888992,8274D_21293_EEG1,1744121557,0.741362989,-10.0942764
13952.888992,8274D_21293_EEG1,1744121557,0.745284021,-10.0942764
13952.888992,8274D_21293_EEG1,1744121557,0.749204993,-18.0757961
13952.889983999999,8274D_21293_EEG1,1744121557,0.753126025,1.64325404
13952.889983999999,8274D_21293_EEG1,1744121557,0.757045984,-14.5545368
13952.889983999999,8274D_21293_EEG1,1744121557,0.760967016,-14.5545368
13952.889983999999,8274D_21293_EEG1,1744121557,0.764887989,-14.5545368
13952.889983999999,8274D_21293_EEG1,1744121557,0.768809021,-9.15527344
13952.889983999999,8274D_21293_EEG1,1744121557,0.772729993,4.92976284
13952.889983999999,8274D_21293_EEG1,1744121557,0.776651025,-8.68577194
13952.890976000001,8274D_21293_EEG1,1744121557,0.780571997,-3.05175805
13952.890976000001,8274D_21293_EEG1,1744121557,0.784493029,-8.68577194
13952.890976000001,8274D_21293_EEG1,1744121557,0.788414001,-3.05175805
13952.890976000001,8274D_21293_EEG1,1744121557,0.792334974,-2.58225703
13952.890976000001,8274D_21293_EEG1,1744121557,0.796256006,12.441782
13952.890976000001,8274D_21293_EEG1,1744121557,0.800176978,12.441782
13952.890976000001,8274D_21293_EEG1,1744121557,0.804096997,3.52125907
13952.890976000001,8274D_21293_EEG1,1744121557,0.808018029,-0.469500989
13952.890976000001,8274D_21293_EEG1,1744121557,0.811939001,1.87800503
13952.890976000001,8274D_21293_EEG1,1744121557,0.815859973,-0.469500989
13952.892,8274D_21293_EEG1,1744121557,0.819781005,-0.939001977
13952.892,8274D_21293_EEG1,1744121557,0.823701978,-0.939001977
13952.892,8274D_21293_EEG1,1744121557,0.82762301,4.22551107
13952.892,8274D_21293_EEG1,1744121557,0.831543982,4.22551107
13952.892,8274D_21293_EEG1,1744121557,0.835465014,-3.75601006
13952.892,8274D_21293_EEG1,1744121557,0.839385986,-7.27726889
13952.989984,8274D_21293_EEG1,1744121557,0.843307018,-7.27726889
13952.989984,8274D_21293_EEG1,1744121557,0.847227991,-12.9112825
13952.989984,8274D_21293_EEG1,1744121557,0.851149023,0.469500989
13952.989984,8274D_21293_EEG1,1744121557,0.855068982,1.17375302
13952.989984,8274D_21293_EEG1,1744121557,0.858990014,1.17375302
13952.989984,8274D_21293_EEG1,1744121557,0.862910986,-6.3382659
13952.989984,8274D_21293_EEG1,1744121557,0.866832018,-6.3382659
13952.989984,8274D_21293_EEG1,1744121557,0.87075299,-5.39926386
13952.989984,8274D_21293_EEG1,1744121557,0.874674022,0.939001977
13952.989984,8274D_21293_EEG1,1744121557,0.878594995,0.939001977
13952.989984,8274D_21293_EEG1,1744121557,0.882516026,-6.57301712
13952.989984,8274D_21293_EEG1,1744121557,0.886436999,-6.57301712
13952.989984,8274D_21293_EEG1,1744121557,0.890357971,-0.704252005
13952.989984,8274D_21293_EEG1,1744121557,0.894279003,4.92976284
13952.989984,8274D_21293_EEG1,1744121557,0.898199975,2.58225703
13952.989984,8274D_21293_EEG1,1744121557,0.902119994,2.58225703
13952.989984,8274D_21293_EEG1,1744121557,0.906041026,2.58225703
13952.989984,8274D_21293_EEG1,1744121557,0.909961998,-4.46026087
13952.989984,8274D_21293_EEG1,1744121557,0.913882971,-2.34750605
13952.989984,8274D_21293_EEG1,1744121557,0.917804003,-4.46026087
13952.989984,8274D_21293_EEG1,1744121557,0.921724975,-14.0850363
13952.989984,8274D_21293_EEG1,1744121557,0.925646007,-14.0850363
13952.989984,8274D_21293_EEG1,1744121557,0.929566979,-14.0850363
13952.989984,8274D_21293_EEG1,1744121557,0.933488011,0.939001977
13952.989984,8274D_21293_EEG1,1744121557,0.937408984,-17.8410454
13952.989984,8274D_21293_EEG1,1744121557,0.941330016,-9.62477493
13952.989984,8274D_21293_EEG1,1744121557,0.945250988,-9.62477493
13952.989984,8274D_21293_EEG1,1744121557,0.949171007,-9.62477493
13952.989984,8274D_21293_EEG1,1744121557,0.953091979,1.64325404
13952.989984,8274D_21293_EEG1,1744121557,0.957013011,-3.52125907
13952.989984,8274D_21293_EEG1,1744121557,0.960933983,-3.52125907
13952.989984,8274D_21293_EEG1,1744121557,0.964855015,-7.98152018
13952.989984,8274D_21293_EEG1,1744121557,0.968775988,-7.98152018
13952.989984,8274D_21293_EEG1,1744121557,0.97269702,-4.22551107
13952.989984,8274D_21293_EEG1,1744121557,0.976617992,-4.22551107
13952.989984,8274D_21293_EEG1,1744121557,0.980539024,-15.4935398
13952.989984,8274D_21293_EEG1,1744121557,0.984459996,-15.4935398
13952.989984,8274D_21293_EEG1,1744121557,0.988381028,-2.11275506
13952.989984,8274D_21293_EEG1,1744121557,0.992302001,2.58225703
13952.989984,8274D_21293_EEG1,1744121557,0.996222019,2.58225703
